,City,Country,Latitude,Longitude,Temperature,Cloudiness,Humidity,Maximum temperature,Wind speed
0,ushuaia,ar,-53.71787725890022,-54.9924137418479,2.85,100,91,2.85,5.92
1,chandbali,in,20.58700943426733,87.54734980538979,30.05,87,80,30.05,11.69
2,nikolskoye,ru,43.03315478426714,176.02872166252683,10.05,100,91,10.05,3.27
3,ambilobe,mg,-10.29978695600775,51.84142633743596,25.55,34,77,25.55,11.48
4,ushuaia,ar,-75.05984143864468,-81.76562032894026,-23.05,100,100,-23.05,5.86
5,port said,eg,31.518056075956466,33.13501996603682,26.55,0,69,26.55,7.05
6,mahaicony,gy,8.951085041760095,-55.974710862464605,27.15,8,75,27.15,8.4
7,lagoa,pt,50.472697828811306,-26.56126762140653,16.25,50,87,16.25,8.61
8,vaini,to,-52.15251232339704,-177.19054416685202,7.55,98,94,7.55,8.99
9,ushuaia,ar,-78.90395141738557,-82.01199127265981,-25.75,100,97,-25.75,0.28
10,albany,au,-85.92846462456423,109.63432037846815,-53.35,91,100,-53.35,4.61
11,busselton,au,-85.12032859189546,87.96078596837248,-53.15,82,96,-53.15,3.4
12,bilibino,ru,71.80837083752166,164.7911255973653,0.45,100,97,0.45,3.8
13,sikasso,ml,11.79942540597456,-6.0720436232213615,30.75,77,54,30.75,1.43
14,touros,br,-3.186210274640544,-33.089487885894385,26.25,26,76,26.25,5.07
15,grand gaube,mu,-15.111498322516084,65.32253129920898,24.45,77,70,24.45,8.07
16,cabo san lucas,mx,10.883483800466422,-118.06439019497654,26.75,27,79,26.75,4.88
17,bluff,nz,-84.49919983887126,168.77683053383396,-32.55,13,52,-32.55,5.81
18,mys shmidta,ru,88.3424622881625,-174.95276121690048,0.85,100,96,0.85,8.45
19,mutare,zw,-19.186230367456062,32.089950089707486,15.35,36,40,15.35,3.59
20,petropavlovsk-kamchatskiy,ru,44.726600065605936,164.5993901203878,8.55,100,87,8.55,2.91
21,pocoes,br,-14.394909568403023,-40.41123649723937,27.15,0,35,27.15,2.69
22,portland,au,-40.08135542347044,141.82581487793846,11.65,100,75,11.65,17.44
23,vaini,to,-52.357529381097955,-179.25980418665736,6.85,56,94,6.85,10.72
24,ostrovnoy,ru,68.54288814042329,41.31674098314056,7.25,3,90,7.25,2.26
25,provideniya,ru,53.26213758539586,-176.87456328370558,6.75,100,97,6.75,3.86
26,batagay-alyta,ru,66.05025271983308,129.55798929613945,13.45,5,64,13.45,0.75
27,hermanus,za,-87.36582652340996,-7.186970089811638,-50.65,0,69,-50.65,6.17
28,illoqqortoormiut,gl,80.28639331822481,-18.10615444326561,2.25,27,85,2.25,0.27
29,sentyabrskiy,ru,42.16730126606831,151.19572107428263,13.55,70,90,13.55,5.64
30,lerik,az,39.079886520063525,48.18395751387317,23.48,0,65,25.0,8.2
31,boulder city,us,35.94806731780268,-114.58497575241209,36.77,1,17,38.33,3.1
32,kapaa,us,22.47204137186543,-162.04782129210082,26.55,31,79,26.55,7.39
33,new norfolk,au,-80.0417454684281,127.59624782326694,-47.05,100,98,-47.05,4.52
34,jasper,ca,53.00928117152108,-119.05293370413006,17.22,7,70,17.22,0.89
35,atuona,pf,-7.428657068406665,-122.21468076007947,25.85,53,77,25.85,8.6
36,san cristobal,ec,-17.184749539130863,-93.45000102046214,19.45,95,72,19.45,9.15
37,kieta,pg,3.2990248832370668,161.1158035156568,28.65,99,75,28.65,4.59
38,xai-xai,mz,-26.556438424193146,34.87585857581627,22.55,32,77,22.55,3.93
39,kieta,pg,-1.4033386411962283,160.02860553351485,28.25,99,76,28.25,6.24
40,yellowknife,ca,87.9571839931362,-110.21242802833122,1.35,100,89,1.35,7.46
41,rikitea,pf,-21.92363912209332,-140.74318702323546,23.25,0,87,23.25,3.35
42,mataura,pf,-46.94383609036746,-149.28905433132397,9.05,28,87,9.05,7.12
43,mys shmidta,ru,74.90399432000459,-173.93745777081767,0.95,97,97,0.95,5.5
44,puerto ayora,ec,-26.60287088711066,-101.99451116873605,18.35,77,64,18.35,4.86
45,smithers,ca,58.6920606090234,-128.1569351267753,15.25,18,52,15.25,3.15
46,albany,au,-63.17529031126355,108.19518224471068,-17.75,100,97,-17.75,2.29
47,yellowknife,ca,80.07243986308953,-112.35936630788758,2.45,91,92,2.45,3.29
48,leningradskiy,ru,75.05316834793493,176.65267738025955,0.65,100,97,0.65,7.53
49,yerbogachen,ru,62.00804152705396,107.62853637259434,15.85,13,85,15.85,1.36
50,jamestown,sh,-50.99195705643245,-13.388790145651939,-5.05,100,78,-5.05,21.6
51,vaini,to,-49.84683191807904,-175.25775593464047,8.25,59,94,8.25,6.37
52,chuy,uy,-63.97477339863839,-22.793265198013785,-29.15,37,98,-29.15,6.58
53,asuncion,py,-25.061273584442873,-58.19329154064688,24.15,90,54,24.15,2.42
54,mount isa,au,-22.136914477627556,142.03636432726148,12.65,86,53,12.65,7.96
55,mount gambier,au,-53.26126115282313,130.187178593189,2.95,100,84,2.95,13.67
56,dikson,ru,81.45980622908112,81.70909294774276,-0.25,100,96,-0.25,6.34
57,warmbad,na,-28.817721944318926,18.803820213088642,15.95,0,21,15.95,1.82
58,atuona,pf,3.1237939421327496,-128.52979461243024,26.45,63,73,26.45,6.59
59,sungaipenuh,id,-3.242771151238685,100.23642987404975,27.75,23,78,27.75,7.13
60,kidal,ml,18.841747490446323,-0.6546112049065016,38.95,0,21,38.95,5.12
61,rikitea,pf,-40.74190563571048,-132.72907971504412,8.25,14,68,8.25,5.84
62,georgetown,sh,-21.23455421337154,-19.366864233089416,22.45,0,68,22.45,4.43
63,antalaha,mg,-15.15386771597096,50.50693375755546,23.75,99,72,23.75,10.76
64,rikitea,pf,-24.402799499731856,-116.75217219055541,20.85,62,80,20.85,9.08
65,hermanus,za,-52.4261049647738,16.1813164315044,-0.55,100,74,-0.55,5.65
66,nicoya,cr,6.264951164623227,-87.39278079373204,26.35,96,85,26.35,9.05
67,lalmohan,bd,21.4626587507086,90.49972086797169,29.05,100,83,29.05,10.1
68,tarauaca,br,-9.811055113540533,-71.22427689683323,31.15,33,51,31.15,1.03
69,bur gabo,so,-3.292821644449816,44.87975007123629,25.85,25,82,25.85,9.98
70,conde,br,-14.227169113088692,-34.33611081805938,25.05,0,75,25.05,5.71
71,hokitika,nz,-41.85503542129422,168.86098091419177,12.25,98,75,12.25,13.86
72,guastatoya,gt,14.899743788309792,-90.08558630697397,22.0,40,73,22.0,4.1
73,severo-kurilsk,ru,50.47490235062318,154.61166129246055,6.85,100,96,6.85,3.45
74,busselton,au,-84.00352483341095,79.67787845606603,-52.65,99,100,-52.65,3.68
75,fort nelson,ca,62.36788507478954,-119.99562903923345,17.75,71,40,17.75,1.67
76,hargeysa,so,9.258406415127752,44.40059709879847,22.95,33,59,22.95,11.49
77,illoqqortoormiut,gl,82.33351307065189,-9.285988652413266,0.95,0,92,0.95,3.34
78,chagda,ru,58.3021596845839,131.94709047587844,13.95,1,84,13.95,1.64
79,belushya guba,ru,86.92056680570101,55.203566081406166,1.05,100,91,1.05,7.63
80,ischia,it,39.97813043696374,13.91129394014186,28.0,20,65,28.0,2.6
81,yerkoy,tr,39.753307451178785,34.55412520452825,14.65,50,60,14.65,1.89
82,roald,no,65.51383264361502,4.345347873327597,9.75,100,85,9.75,4.42
83,butaritari,ki,13.649273467714039,176.2184705515126,27.95,100,80,27.95,6.08
84,hope,us,34.04311435163872,-93.49544391120807,30.1,75,70,31.0,2.1
85,kodiak,us,54.05143086241904,-146.90471692578802,10.75,100,96,10.75,6.02
86,atuona,pf,-6.32024233052968,-144.07875999222972,27.15,16,76,27.15,9.47
87,saskylakh,ru,85.77110911842018,110.5550861762735,0.75,100,95,0.75,8.92
88,bilibino,ru,65.8245775638485,163.823548799427,17.15,7,68,17.15,1.11
89,illoqqortoormiut,gl,77.47020459547639,-27.65171338843541,-0.15,26,83,-0.15,6.16
90,belushya guba,ru,76.6488082177504,52.93094633764048,3.85,90,84,3.85,2.3
91,norman wells,ca,76.38839661268918,-118.64834527380685,5.45,97,86,5.45,1.73
92,kulhudhuffushi,mv,7.441037236567581,66.6872208329386,28.35,87,80,28.35,4.7
93,chauk,mm,21.184532042431997,94.26829980269201,20.15,100,90,20.15,3.06
94,ushuaia,ar,-69.78988748721636,-47.39757397636291,-20.95,14,99,-20.95,3.69
95,chuy,uy,-40.30785885959364,-47.922822151138234,10.05,100,86,10.05,15.52
96,puerto ayora,ec,3.4347399944170434,-93.72915912544735,24.95,93,80,24.95,7.75
97,cape town,za,-57.43429030993945,-16.86596065293338,-11.95,100,90,-11.95,18.31
98,nikolskoye,ru,29.67873674890666,172.74667422823154,26.15,0,83,26.15,3.61
99,bad berleburg,de,51.12091704739433,8.455783667953938,19.46,40,67,21.67,5.1
100,faya,td,20.842559537029246,19.192256739370833,29.75,2,9,29.75,3.39
101,ushuaia,ar,-62.27307276013491,-64.95178226714323,-1.15,100,85,-1.15,5.01
102,purranque,cl,-40.85329553716063,-73.3630900435682,9.42,75,87,10.0,3.6
103,barentsburg,sj,83.0207390949862,10.77072947728351,0.95,100,93,0.95,4.22
104,gazanjyk,tm,40.30512838160422,56.01521116391106,35.95,44,31,35.95,3.85
105,kuchinarai,th,16.53374698538964,103.88757635398127,27.05,100,79,27.05,2.58
106,moa,cu,21.663029854161834,-74.61727028858434,28.55,6,78,28.55,9.0
107,new norfolk,au,-47.76921333414115,142.99981549336155,6.45,84,72,6.45,14.1
108,mnogovershinnyy,ru,55.17426671303275,141.15765673105818,9.55,29,93,9.55,5.4
109,hobart,au,-83.62056817486926,148.33184884025508,-43.75,67,100,-43.75,4.31
110,yellowknife,ca,82.07500561452747,-106.24352553935066,2.55,23,82,2.55,3.01
111,busselton,au,-65.66117627353086,86.39907416227919,-20.95,91,100,-20.95,0.73
112,rikitea,pf,-17.75656242356837,-113.77856589353932,22.35,2,77,22.35,7.05
113,rikitea,pf,-49.050885482049516,-131.43304668380898,6.55,100,80,6.55,13.92
114,airai,pw,14.636105546124867,134.90667053557274,29.25,100,77,29.25,5.26
115,izhma,ru,66.51549891492428,55.09742760667825,14.35,100,90,14.35,2.67
116,salinopolis,br,1.2974743257122725,-45.825795909617824,26.95,18,79,26.95,5.67
117,jamestown,sh,-22.036520314554735,-5.447682134275766,19.35,0,57,19.35,1.92
118,port hardy,ca,45.928995843302914,-131.7818948369503,15.95,88,91,15.95,4.48
119,milkovo,ru,54.69685620124264,157.39127213023318,9.55,98,97,9.55,1.03
120,deputatskiy,ru,75.40999704427034,141.15189621184584,2.05,100,90,2.05,6.19
121,sept-iles,ca,52.318486594544936,-66.07937665098025,15.55,99,84,15.55,4.45
122,zhigansk,ru,70.13862073034022,124.9743883421308,14.85,98,50,14.85,2.39
123,saint george,bm,28.812773026584665,-47.10929580151,27.15,0,63,27.15,2.19
124,busselton,au,-53.61903510526698,101.39586695923026,2.95,100,98,2.95,10.55
125,albany,au,-75.15228798884142,117.65895734560951,-55.25,60,100,-55.25,3.08
126,nanakuli,us,21.119516347456013,-158.56586287575527,26.67,3,71,26.67,1.79
127,avarua,ck,-40.370169990032956,-166.51928823162459,13.75,99,84,13.75,7.4
128,hilo,us,7.6727974195986945,-160.13595243316678,27.05,100,78,27.05,4.13
129,khatanga,ru,82.0254937625138,107.73434385480869,0.75,100,95,0.75,8.79
130,kavieng,pg,4.3956374200897415,153.1591667747952,27.65,99,76,27.65,5.73
131,sovetskiy,ru,70.14087034193935,66.11187436539998,5.95,95,78,5.95,2.88
132,fare,pf,-11.477038146696756,-147.7740794459071,27.05,68,77,27.05,9.58
133,sturgis,us,44.58046344540722,-103.07214014774408,27.15,1,57,28.33,2.1
134,saint-joseph,re,-25.00593651404843,55.64538023037619,20.95,70,67,20.95,5.45
135,provideniya,ru,39.255982389203496,-179.87961076024786,18.85,99,95,18.85,9.74
136,kieta,pg,-1.5664470332390295,157.64560236642092,28.45,100,75,28.45,4.68
137,saskylakh,ru,70.81180783380248,112.15624188820266,11.05,66,69,11.05,2.99
138,hilo,us,13.45367003003274,-142.80537478328455,26.85,73,81,26.85,8.56
139,cabo san lucas,mx,18.02210051996356,-118.0250324509789,23.95,100,77,23.95,5.16
140,comodoro rivadavia,ar,-50.32509994999887,-62.496481683568305,6.55,100,87,6.55,9.39
141,challapata,bo,-19.456971167244703,-68.24521340253285,14.45,0,6,14.45,6.98
142,mahebourg,mu,-31.630110606487712,64.62298279923453,15.45,0,58,15.45,11.88
143,rudnyy,ru,44.113390261569805,134.5460138444372,12.25,100,97,12.25,0.96
144,busselton,au,-66.43680646098623,82.4736176992277,-24.45,98,100,-24.45,1.63
145,madang,pg,-4.292626796215131,145.4470482472983,21.65,100,97,21.65,0.34
146,hermanus,za,-64.94170241761663,1.582522714003261,-22.45,100,84,-22.45,6.61
147,vaini,to,-60.88793117583884,-169.74336495309697,1.75,100,94,1.75,7.97
148,khatanga,ru,87.42049650282735,102.77059530801438,0.85,100,93,0.85,10.07
149,rikitea,pf,-63.04457256157242,-140.7810419433311,-8.95,100,92,-8.95,15.71
150,hohhot,cn,39.87452958695991,111.32985486185703,22.55,39,48,22.55,2.4
151,pacific grove,us,31.084620473310892,-129.4172898749772,19.05,0,86,19.05,4.1
152,bredasdorp,za,-89.0308665627796,19.51191682069353,-50.55,48,86,-50.55,5.08
153,ondorhaan,mn,48.17130830387194,109.81480439445204,13.25,4,73,13.25,1.77
154,chapais,ca,55.601664646644934,-73.9957453027499,9.65,100,75,9.65,7.17
155,hermanus,za,-65.76830520337926,6.096767180278363,-11.75,100,94,-11.75,5.84
156,lebu,cl,-34.335583062575296,-79.13800751859637,13.65,13,67,13.65,6.09
157,cap malheureux,mu,-14.624747335188417,57.803681415561186,24.65,99,72,24.65,7.99
158,tumut,au,-35.3108199118053,148.53119738163383,2.37,86,74,2.78,5.7
159,maputo,mz,-26.259229714549768,33.16875568706777,21.85,0,69,21.85,3.5
160,kavieng,pg,0.3386499147273696,150.2034797755527,28.35,34,73,28.35,4.27
161,onega,ru,63.53798310767439,38.03703699631063,10.05,39,90,10.05,1.56
162,ushuaia,ar,-86.36027269061624,-74.75199406035804,-38.25,55,61,-38.25,10.15
163,dalby,au,-27.2192431010362,151.13271240277192,3.84,60,69,5.56,4.1
164,tabuk,sa,27.319326609535253,38.15566283761936,30.15,31,14,30.15,6.32
165,gat,ly,26.267702086030198,6.279728982720002,38.75,0,6,38.75,7.82
166,hobart,au,-61.5748706316442,152.90405198326022,-4.55,100,91,-4.55,6.94
167,belushya guba,ru,86.563912110833,44.09179159883735,0.85,45,90,0.85,6.48
168,cape town,za,-58.54701634788475,0.4229286127425951,-6.15,100,86,-6.15,17.52
169,albany,au,-86.92337927715255,99.62039658536577,-53.95,88,100,-53.95,2.7
170,mitu,co,2.2673077571670888,-69.24787754460975,26.55,41,91,26.55,1.58
171,vanimo,pg,1.5512967977753789,142.80545617218485,28.45,78,69,28.45,2.41
172,moerai,pf,-22.461415764715724,-151.28908278884313,21.65,21,81,21.65,2.85
173,mataura,pf,-63.52604327996839,-161.4940457246114,-12.55,89,84,-12.55,1.02
174,atuona,pf,0.5227966457076292,-149.3100619122814,26.35,29,75,26.35,5.93
175,bairiki,ki,1.317904026192707,163.31551992679664,29.25,81,67,29.25,3.09
176,cape town,za,-73.96291870663337,-11.773610088738309,-26.35,0,50,-26.35,7.76
177,kapaa,us,38.0418403424201,-173.46575203042534,19.75,0,94,19.75,6.02
178,anadyr,ru,63.39862016586565,173.84594296883643,18.95,91,62,18.95,2.52
179,barrow,us,83.42869807267996,-146.42562339459738,0.65,100,97,0.65,5.53
180,sabha,ly,24.99773422697875,17.99239216228628,36.15,0,10,36.15,3.02
181,biloela,au,-25.028429152984685,151.10934145108314,7.85,47,65,7.85,3.73
182,busselton,au,-45.785778041534044,104.39999461620357,8.95,100,91,8.95,15.81
183,iskateley,ru,68.2196757649875,55.545671742523496,11.75,100,82,11.75,6.09
184,port alfred,za,-70.15604977708755,48.172725407735186,-43.25,68,85,-43.25,6.76
185,custoias,pt,41.11390388359581,-7.104964710827147,23.25,34,60,23.25,3.31
186,kloulklubed,pw,4.774851481730508,130.47658363301224,27.05,100,81,27.05,8.58
187,saint-philippe,re,-65.08227835642714,76.25347979047649,-18.35,100,96,-18.35,3.02
188,atuona,pf,-1.9953110450652076,-148.3988272058029,26.95,30,79,26.95,8.13
189,taolanaro,mg,-70.01245055264869,62.81875953165235,-37.45,100,87,-37.45,10.34
190,deputatskiy,ru,69.6320243937148,142.88470365374798,11.45,86,61,11.45,2.39
191,yellowknife,ca,84.34509511657961,-107.4128634170447,1.95,0,85,1.95,4.43
192,vaini,to,-82.94806355038565,-172.58871557482823,-29.25,89,88,-29.25,6.11
193,thompson,ca,57.32543644439954,-91.9967504347119,3.65,97,97,3.65,3.69
194,punta arenas,cl,-71.51259554823807,-105.15368505414403,-6.95,100,97,-6.95,5.63
195,guerrero negro,mx,14.366112143088372,-128.14896399605482,26.15,84,77,26.15,8.05
196,rapid city,us,43.117457670516245,-103.75858657203167,28.46,1,45,29.0,3.6
197,hermanus,za,-58.08338906326135,8.64805370616537,-4.15,100,78,-4.15,9.22
198,cedral,mx,23.82524224061801,-100.71325270967846,24.95,25,41,24.95,0.76
199,umzimvubu,za,-48.546967231019764,44.8118342201673,2.25,84,97,2.25,7.58
200,rikitea,pf,-31.773112600330656,-125.26843472866953,18.35,97,91,18.35,9.27
201,ushuaia,ar,-61.164376730083745,-47.64031007593172,-15.75,6,95,-15.75,2.16
202,rikitea,pf,-86.49390645431342,-125.74757145220973,-38.55,100,81,-38.55,6.9
203,la reforma,mx,24.822234533202447,-99.24958734456163,36.45,7,29,36.45,2.11
204,te anau,nz,-42.82283793174044,161.21248532627612,10.25,46,72,10.25,11.77
205,la ronge,ca,59.904870591924805,-103.72026160418112,13.95,0,40,13.95,4.65
206,esperance,au,-43.28960199673632,126.15532411042182,8.65,80,78,8.65,11.7
207,luderitz,na,-35.97802165022154,1.9507170217222267,14.95,91,83,14.95,8.35
208,albany,au,-66.18335827080527,100.20027916367604,-17.35,100,62,-17.35,0.43
209,vilyuysk,ru,65.79241403979276,121.32163890155084,13.45,88,74,13.45,2.59
210,eisenberg,de,50.93978127470797,11.936255646013223,19.02,40,60,22.22,4.6
211,busselton,au,-41.379695590917905,110.23675014010814,10.65,0,90,10.65,9.43
212,vaini,to,-86.83366593720875,-174.5954635356514,-42.55,100,100,-42.55,5.9
213,vardo,no,85.20091266179674,38.10758940583483,0.85,92,93,0.85,3.85
214,el tocuyo,ve,9.429731075793228,-69.61888818829595,20.85,35,77,20.85,2.29
215,rikitea,pf,-40.57695023644137,-139.53986708348205,9.45,27,72,9.45,6.38
216,saint-philippe,re,-52.321772103728094,69.45214266644572,0.75,100,76,0.75,10.99
217,qaanaaq,gl,88.07402517667197,-71.43226540837193,0.95,97,92,0.95,6.53
218,aksarka,ru,72.43333658383216,68.13536000541416,5.25,8,70,5.25,3.82
219,staryy nadym,ru,66.09632768746482,73.22939161135267,12.25,64,71,12.25,3.66
220,sanming,cn,26.211133169375003,118.29554522028667,22.75,99,95,22.75,0.84
221,maxixe,mz,-22.25231185671531,34.10928475751729,19.55,0,50,19.55,2.64
222,vaini,to,-62.71510063648657,-169.49502036926555,0.35,100,93,0.35,5.8
223,vaini,to,-51.21647269975482,-170.49498938363786,7.35,24,93,7.35,7.23
224,gorontalo,id,0.506057777993945,123.8006606244378,19.15,98,96,19.15,1.62
225,bluff,nz,-88.00337657397417,157.43786709455009,-47.35,100,100,-47.35,4.45
226,champerico,gt,7.144225966684843,-94.72762533793315,25.15,100,92,25.15,8.22
227,severo-kurilsk,ru,41.219938722456476,161.39969113107935,11.95,100,88,11.95,1.51
228,dingle,ie,50.774473590730395,-15.678729214155823,16.85,0,86,16.85,4.13
229,harnosand,se,63.463789458077855,17.42992011734978,18.0,74,39,18.0,4.6
230,bluff,nz,-54.82348745432682,170.24553077731457,6.45,100,95,6.45,9.59
231,takoradi,gh,-3.9527197766921205,-0.6681796585192785,23.05,100,77,23.05,4.26
232,luderitz,na,-27.64627964267749,10.18973429678175,15.85,26,80,15.85,5.61
233,albany,au,-82.80376500447385,90.80124040181505,-52.05,100,100,-52.05,3.56
234,hasaki,jp,31.564112311858196,152.2842769544476,24.85,100,93,24.85,4.31
235,nikolskoye,ru,45.11753674916886,168.62402689394514,7.05,76,94,7.05,3.5
236,cidreira,br,-33.10351343547601,-46.74421489146246,18.35,76,77,18.35,10.22
237,kapaa,us,17.257194345694344,-165.27136449879796,26.95,51,75,26.95,7.35
238,machacamarca,bo,-18.44631838212338,-67.61914111820639,14.05,0,14,14.05,2.55
239,torbay,ca,47.69887802630734,-52.46678630328371,14.75,90,72,15.56,4.1
240,mataura,pf,-74.46707992185465,-148.66994974472848,-16.15,6,78,-16.15,11.9
241,butaritari,ki,7.896999020957807,173.12809576092621,28.05,98,76,28.05,4.1
242,cape town,za,-58.74398845721626,-13.159774796799269,-18.15,100,79,-18.15,14.81
243,vaini,to,-43.27140656463219,-175.59312603154166,12.35,0,92,12.35,5.07
244,barawe,so,-2.3758238195880637,46.02208099437064,25.95,11,83,25.95,10.96
245,ust-bolsheretsk,ru,53.306921974678914,156.60897270438744,8.45,95,97,8.45,2.84
246,ellisras,za,-23.92191969415569,27.615647957438597,14.25,0,39,14.25,2.04
247,ushuaia,ar,-57.87056167834897,-68.33798876675296,3.85,100,93,3.85,10.81
248,makung,tw,22.21473165610348,118.52510841019517,28.75,60,85,28.75,6.99
249,victoria,sc,-0.49518548139289464,55.30935334430254,26.95,100,82,26.95,6.56
250,torbay,ca,39.76037693184733,-45.2346648021537,18.65,76,62,18.65,3.88
251,hermanus,za,-43.92887653439366,16.95252167458031,11.25,100,81,11.25,15.31
252,trelew,ar,-43.923183285367124,-67.08374013435055,12.15,75,41,12.15,7.23
253,uyemskiy,ru,66.286071658162,41.33501051883988,8.05,61,91,8.05,5.21
254,robertson,za,-33.856063415463254,20.12791034257691,9.45,0,94,9.45,1.06
255,colares,pt,38.90426769312427,-11.909226852556344,18.85,9,88,18.85,6.38
256,bokspits,bw,-27.3725468253801,20.360936622618794,19.85,0,15,19.85,5.27
257,rikitea,pf,-81.11415688887162,-137.19166734847852,-31.65,0,97,-31.65,1.49
258,atuona,pf,-8.154810777541911,-145.10676778309232,27.25,8,76,27.25,9.61
259,nizhneyansk,ru,76.67642629539054,137.89124293382213,1.65,100,88,1.65,10.44
260,doka,sd,12.35572753892393,36.10806811720013,21.45,100,95,21.45,2.09
261,mataura,pf,-73.40036408855146,-156.57821544458014,-21.05,11,92,-21.05,6.39
262,sao filipe,cv,9.407040725348907,-32.55933026048382,26.55,80,74,26.55,0.73
263,bethel,us,62.529482235644736,-160.66874887981646,16.0,90,82,16.0,2.14
264,cap malheureux,mu,-15.852093870869027,58.68927185808852,23.55,92,77,23.55,10.4
265,mataura,pf,-61.91834925369679,-150.8318387023276,-11.65,96,98,-11.65,9.36
266,bayreuth,de,49.838971217611174,11.821665056619906,17.28,75,67,19.44,5.1
267,atuona,pf,10.866137546961497,-132.2510024366735,27.35,17,75,27.35,2.67
268,thompson,ca,66.35450109218226,-95.3601318076465,10.15,94,65,10.15,7.86
269,butaritari,ki,4.15765398883093,168.09328184326904,28.45,100,69,28.45,2.48
270,mataura,pf,-60.73441956390574,-154.56678685433104,-7.05,97,78,-7.05,6.78
271,bambous virieux,mu,-28.616109730447505,67.31959946070816,19.25,43,77,19.25,10.61
272,khatanga,ru,77.27426977831684,100.20933894888594,-0.25,73,93,-0.25,8.36
273,sinnamary,gf,10.167435224135204,-49.343260325942424,26.75,81,79,26.75,6.72
274,severo-kurilsk,ru,38.780807619624056,163.68045623629922,14.95,100,82,14.95,4.91
275,mar del plata,ar,-58.49159888591535,-33.86312646707191,-17.25,100,92,-17.25,5.32
276,rikitea,pf,-17.21667335371906,-131.34297370317142,24.65,90,75,24.65,4.91
277,yellowknife,ca,77.0595517727991,-101.18939427113254,2.55,98,89,2.55,4.23
278,launceston,au,-40.771520990670595,151.79259402156373,10.45,57,66,10.45,14.02
279,busselton,au,-89.6500275211962,78.55661644568016,-50.55,68,84,-50.55,3.68
280,brewster,us,41.982723041290114,-67.74469169769604,19.15,0,86,19.15,1.7
281,tsihombe,mg,-46.225569647075524,44.987654494371924,5.15,100,91,5.15,11.23
282,husavik,is,66.77702783046107,-17.518286661484723,9.55,78,90,9.55,2.4
283,raton,us,36.374160353213895,-104.56468969296338,27.8,1,26,31.11,2.1
284,sentyabrskiy,ru,28.48683427664615,162.61620547359348,26.95,70,83,26.95,5.88
285,norman wells,ca,64.2950517628247,-127.10462197466995,11.35,28,44,11.35,1.89
286,rocha,uy,-44.67678249787755,-45.75131148229508,5.85,100,73,5.85,7.99
287,deputatskiy,ru,67.01353644857852,138.22376271614047,18.55,28,51,18.55,2.59
288,yellowknife,ca,87.29171897313435,-108.97033916713116,1.45,100,88,1.45,6.91
289,geraldton,au,-29.410851693914196,111.04667200801873,19.95,0,68,19.95,9.36
290,ushuaia,ar,-86.82901489461145,-58.556866103235365,-42.95,100,71,-42.95,9.68
291,abu samrah,qa,23.541484625596652,49.18268421136207,36.25,0,9,36.25,4.49
292,nemuro,jp,36.852575587905534,150.66617987264294,20.15,100,92,20.15,9.13
293,ust-maya,ru,59.023552579161134,134.33924200227455,13.65,76,86,13.65,0.6
294,calvinia,za,-29.744629643563925,19.90348977296756,16.45,0,18,16.45,3.31
295,avarua,ck,-62.773416820032615,-164.62535524155533,-2.75,100,95,-2.75,5.86
296,esperance,au,-51.945057881094634,127.43726824815792,3.45,100,76,3.45,15.11
297,albany,au,-76.83622434934783,113.35361606038515,-54.75,100,100,-54.75,3.75
298,hermanus,za,-42.7212242224848,14.738628943548463,11.65,100,82,11.65,18.22
299,havoysund,no,70.53806716490323,24.791634010015315,9.0,40,70,9.0,7.7
300,alyangula,au,-15.71667601912921,138.84399158295992,22.65,1,57,22.65,14.12
301,chuy,uy,-62.84169092856901,-22.815858871094548,-29.25,0,99,-29.25,5.84
302,busselton,au,-39.562306659879454,87.3139180443008,12.05,0,81,12.05,8.27
303,bwanga,tz,-2.9556073287214844,31.567557791826744,20.45,67,69,20.45,3.96
304,albany,au,-73.43391075960422,99.93839004530207,-56.35,80,100,-56.35,5.33
305,hithadhoo,mv,-21.387763763486575,79.89017860052854,22.35,2,75,22.35,4.72
306,victoria,sc,-10.359328112916955,63.13163399246142,26.05,85,76,26.05,10.12
307,albany,au,-73.10640685382876,102.1882279477665,-56.05,78,99,-56.05,5.6
308,iskateley,ru,70.18784148804221,56.30703852794804,6.05,71,80,6.05,8.98
309,new norfolk,au,-75.96010795127206,125.7661125184838,-54.55,93,100,-54.55,0.88
310,qaanaaq,gl,80.56933167146735,-68.08947889177534,3.05,16,92,3.05,1.34
311,galiwinku,au,-9.382736458744958,135.90589300531826,25.05,74,74,25.05,10.17
312,ranong,th,11.009783662394838,96.86741281750312,28.35,77,78,28.35,5.15
313,rikitea,pf,-35.35195353912326,-125.79200757263695,12.75,100,77,12.75,10.3
314,komsomolskiy,ru,74.55909120039902,174.91724978133726,0.65,100,96,0.65,8.37
315,yurimaguas,pe,-6.230153080260209,-75.19232531228522,33.45,5,39,33.45,2.03
316,tsihombe,mg,-36.02469016558381,45.776883020645215,13.75,90,65,13.75,9.88
317,marsh harbour,bs,28.232861646287517,-73.34917911959946,28.85,4,70,28.85,3.65
318,cabo san lucas,mx,7.035939676673024,-120.18730148167107,26.55,82,80,26.55,6.1
319,ushuaia,ar,-77.41899974707465,-60.62209498268814,-28.95,99,94,-28.95,2.91
320,bluff,nz,-87.34415585376654,167.15563462405999,-45.75,100,100,-45.75,5.01
321,rikitea,pf,-14.2914963797093,-129.70873536199113,24.85,52,79,24.85,6.97
322,atuona,pf,-5.272519146160008,-131.95891367517578,26.35,29,78,26.35,8.61
323,xai-xai,mz,-27.195782750161314,35.6788882174294,21.05,86,85,21.05,8.35
324,constitucion,mx,14.479744012698603,-126.06884976733497,25.65,100,78,25.65,8.09
325,rawson,ar,-49.529022048719526,-55.75833476135317,5.45,89,92,5.45,1.64
326,changqing,cn,36.53778734841863,116.69705821710807,25.85,11,52,25.85,2.94
327,east london,za,-77.64746146764756,55.69609347333213,-47.35,100,98,-47.35,5.05
328,hun,ly,29.35862810038917,14.375389023838466,34.45,0,19,34.45,4.19
329,cape town,za,-56.15446187071011,-4.454403650921051,-4.35,100,81,-4.35,10.81
330,asau,tv,-5.831092029687355,179.81554589788755,28.65,69,73,28.65,5.09
331,busselton,au,-83.56567293583194,77.58421604501325,-52.65,99,100,-52.65,3.75
332,scottsbluff,us,41.61660414731381,-103.97008273364376,26.78,1,27,28.0,3.1
333,kloulklubed,pw,4.828249055729671,135.9302842548371,28.15,100,75,28.15,10.83
334,qaanaaq,gl,84.20184268338204,-72.52410711291375,3.35,0,82,3.35,3.36
335,ponta do sol,cv,23.646583920963636,-25.55625000618818,22.35,77,77,22.35,7.26
336,punta arenas,cl,-58.54636081427057,-110.8054070703625,1.25,21,65,1.25,12.17
337,tasiilaq,gl,56.47221754049099,-35.58619618745445,11.35,100,98,11.35,7.53
338,airai,pw,11.130299022071043,138.05005859174747,28.35,100,78,28.35,7.92
339,arraial do cabo,br,-43.780484131267336,-19.69077961968665,1.85,100,68,1.85,14.05
340,erenhot,cn,42.64446326330176,112.38347057158023,24.35,81,36,24.35,2.94
341,cape town,za,-54.173981678445955,-6.401142255598415,-4.15,87,48,-4.15,3.59
342,kaitangata,nz,-72.44440531463106,175.87623149304892,-11.15,100,94,-11.15,6.86
343,troyes,fr,48.32379368479377,4.399336950784402,23.71,0,44,25.0,3.6
344,bima,id,-7.5214593422577,118.67681551503017,25.35,15,79,25.35,8.08
345,nizwa,om,20.834088886046985,56.0508244731725,33.35,32,40,33.35,7.72
346,upernavik,gl,89.92455280728367,-54.3746433487303,0.95,100,91,0.95,8.96
347,kashi,cn,39.95616894284535,76.46343749649299,29.0,27,18,29.0,10.0
348,tiksi,ru,89.6001263015491,127.93170346681336,0.95,100,91,0.95,8.96
349,busselton,au,-73.4476449593144,77.24346138147195,-39.45,57,83,-39.45,9.14
350,grand river south east,mu,-21.65159647330576,76.89341782671886,21.55,2,80,21.55,8.17
351,nanortalik,gl,54.386529609060574,-43.390763348928886,8.55,82,87,8.55,14.18
352,attawapiskat,ca,58.82132435534365,-81.35610199422295,6.05,0,74,6.05,5.59
353,jamestown,sh,-7.985626414879917,-5.093573096066876,22.05,100,71,22.05,5.08
354,hobart,au,-81.58709532291495,141.96009134195663,-43.55,85,100,-43.55,4.9
355,yellowknife,ca,68.4808235389369,-114.01933742081086,4.05,100,87,4.05,9.87
356,vardo,no,77.43987439960426,35.492105259813655,1.35,100,89,1.35,2.17
357,zarechnyy,ru,53.782008449226964,39.71862664392347,13.05,22,89,13.05,2.42
358,saint george,bm,31.01041659952635,-47.779073114495986,26.35,0,69,26.35,3.52
359,broome,au,-22.362453959768686,122.52714761630966,12.55,0,37,12.55,7.34
360,ponta do sol,cv,24.485228095225963,-28.431000805659068,22.15,45,73,22.15,7.32
361,villa rica,pe,-10.4364547171742,-74.94645286522154,29.25,7,48,29.25,0.98
362,kamaishi,jp,35.246101412342085,149.25571987970653,23.05,100,91,23.05,6.83
363,sitka,us,54.60190125713646,-141.1266511496785,13.05,94,88,13.05,2.22
364,atuona,pf,-6.350837631342259,-128.74133119028951,26.15,42,79,26.15,8.21
365,namatanai,pg,0.7865497290865306,154.75794974930415,27.75,100,79,27.75,3.91
366,yatou,cn,35.9039121774415,123.62153764802264,22.95,0,89,22.95,5.93
367,bredasdorp,za,-51.47730113245224,21.993627221665975,-0.35,100,75,-0.35,8.52
368,berezovka,ru,51.05146120255205,127.22101981793423,17.05,98,93,17.05,0.59
369,vaini,to,-38.35759570795293,-177.630244878717,15.05,100,81,15.05,7.61
370,albany,au,-73.3014885579227,105.3986028543801,-55.25,72,98,-55.25,6.12
371,westport,nz,-40.48983342047558,170.00386141532329,13.65,80,73,13.65,13.33
372,sozopol,bg,42.37352251316574,27.763385358359017,23.31,0,53,24.0,4.1
373,tsihombe,mg,-37.64563295231868,47.92986621515004,11.85,80,67,11.85,12.51
374,kapaa,us,24.22547652244451,-163.68373912218124,26.55,43,79,26.55,5.34
375,kolokani,ml,13.945543047713329,-7.9365039896911185,34.05,32,38,34.05,3.24
376,sechura,pe,-7.157015851563827,-83.87603625657191,19.55,100,84,19.55,5.75
377,punta arenas,cl,-57.539147217294826,-97.67750618707751,2.65,50,61,2.65,9.67
378,rikitea,pf,-18.454147710650986,-126.732916540671,23.85,8,74,23.85,6.91
379,ilo,pe,-19.839184152273248,-73.82507953114454,14.55,92,83,14.55,7.72
380,rikitea,pf,-76.41712040452933,-127.935785757971,-27.85,100,96,-27.85,5.94
381,port alfred,za,-88.01592718014321,56.53816326984969,-51.05,7,91,-51.05,4.37
382,victoria,sc,-6.923791753956024,49.943286248109274,25.65,46,82,25.65,9.73
383,bluff,nz,-72.20302950060815,159.19664630029405,-16.55,100,96,-16.55,4.7
384,hobart,au,-60.81135661089967,152.35921206393078,-3.95,100,86,-3.95,9.68
385,busselton,au,-80.21858137664373,81.67042130581348,-55.95,100,100,-55.95,4.47
386,hermanus,za,-74.21237096089867,-4.499972398257341,-39.45,5,51,-39.45,5.49
387,yellowknife,ca,88.82982489247871,-99.57433060588336,1.15,100,90,1.15,7.67
388,busselton,au,-79.18971892512307,76.34755931015673,-52.95,71,96,-52.95,8.42
389,tasiilaq,gl,58.7557745217691,-35.949285907337696,10.85,100,94,10.85,14.17
390,suba,ph,10.111280681187779,120.78644971003712,26.05,100,83,26.05,1.98
391,mataura,pf,-60.13737283105515,-147.36337745648908,-6.35,100,85,-6.35,13.48
392,mitu,co,1.8636108776989744,-70.83718649392846,26.05,69,93,26.05,1.9
393,niquero,cu,19.703953857535353,-78.00328065028539,28.15,28,70,28.15,1.91
394,hobart,au,-54.03285348438435,150.59312964129788,0.95,100,70,0.95,4.83
395,punta arenas,cl,-86.50662636635003,-96.29564312884118,-43.75,55,81,-43.75,7.46
396,mayumba,ga,-7.1152541185278295,7.547373210830074,22.55,88,75,22.55,3.91
397,port lincoln,au,-42.95486435785583,133.37026503102283,8.65,97,76,8.65,15.41
398,hilo,us,9.52517031726029,-149.1299812194352,27.15,96,69,27.15,2.2
399,illoqqortoormiut,gl,76.76813650863707,-13.405928690620499,0.55,100,96,0.55,4.61
400,leh,in,35.86419744530336,78.10542749513058,2.45,83,59,2.45,2.93
401,salinopolis,br,6.052283812751099,-44.50790503926717,27.45,0,69,27.45,2.88
402,ushuaia,ar,-68.64740836267121,-53.87128364102148,-17.75,27,94,-17.75,1.36
403,maceio,br,-16.83496830924551,-26.649161881886016,23.45,3,71,23.45,5.28
404,grand river south east,mu,-23.582751098670514,80.92572556492814,20.75,35,81,20.75,6.08
405,bengkulu,id,-12.961988724916282,90.06229161878076,26.65,2,80,26.65,9.77
406,luena,ao,-13.8707992079501,20.272499164866872,15.15,0,26,15.15,1.69
407,grindavik,is,53.00855000892645,-25.897690161627565,14.65,100,96,14.65,12.14
408,shieli,kz,44.64208599369218,66.37131558759157,32.0,0,21,32.0,3.0
409,labutta,mm,15.903731661019236,91.83263880374352,28.45,100,85,28.45,8.25
410,jamestown,sh,-43.99412987234684,-15.372510400776918,2.25,84,66,2.25,16.39
411,houma,us,27.91679524147966,-91.04896230664892,25.0,1,88,25.0,20.1
412,padang,id,-9.838250463564336,88.73841304188494,27.65,3,77,27.65,8.0
413,witu,ke,-2.309449684613128,39.63445940129654,23.95,37,75,23.95,7.81
414,banda aceh,id,4.184506523662108,89.81904948683984,28.65,40,73,28.65,2.87
415,port alfred,za,-86.52693899330917,48.06543404149599,-50.65,51,82,-50.65,4.21
416,pokosnoye,ru,55.25789743746162,100.82271449862981,13.35,100,67,13.35,1.16
417,chuy,uy,-63.07715225617309,-23.15398174931221,-29.15,11,100,-29.15,6.2
418,bluff,nz,-82.98837422997912,164.2045691043911,-25.55,60,61,-25.55,2.58
419,rikitea,pf,-45.34503453826297,-114.07518139601214,5.55,100,81,5.55,6.15
420,khatanga,ru,86.1430600876019,95.45255588377182,0.95,100,92,0.95,10.18
421,bredasdorp,za,-86.91996263992561,20.63147871130687,-51.65,41,74,-51.65,5.26
422,taoudenni,ml,26.428060001378313,-5.320336595246914,44.85,40,5,44.85,4.86
423,taolanaro,mg,-63.20216737781811,66.93442004417878,-19.55,71,98,-19.55,0.3
424,kapaa,us,16.70804384933723,-178.09181161399346,28.05,100,77,28.05,8.21
425,dikson,ru,74.85367691556243,75.02526555874826,0.75,0,80,0.75,4.89
426,pringsewu,id,-6.779548691275323,104.10839579384776,26.05,0,79,26.05,9.89
427,avarua,ck,-25.06412102431895,-157.7341083175299,19.45,100,77,19.45,5.91
428,rikitea,pf,-75.16330702458956,-125.34900144780411,-15.55,100,92,-15.55,12.85
429,nikolskoye,ru,41.68489640258397,178.4040917871913,11.55,100,86,11.55,4.14
430,bougouni,ml,11.25720362825163,-7.1942624770031784,30.85,73,54,30.85,2.07
431,qaanaaq,gl,88.88928773647626,-81.64608928581576,1.05,100,91,1.05,7.48
432,maldonado,uy,-38.1493269766492,-53.944830332388406,11.15,31,87,11.15,10.22
433,khatanga,ru,85.27228450217817,98.07763396436042,0.85,100,93,0.85,9.71
434,arraial do cabo,br,-52.224002063995556,-17.755139934883687,-6.55,100,74,-6.55,17.95
435,east london,za,-42.825098872352065,36.54742477509177,9.05,90,86,9.05,13.49
436,nikolskoye,ru,41.934222005298096,170.96516953594386,11.05,100,89,11.05,3.21
437,jamestown,sh,-25.31984262949041,-17.41850500644918,21.25,0,58,21.25,2.74
438,vaini,to,-54.75146184161035,-169.03901335194416,5.25,70,93,5.25,7.61
439,rikitea,pf,-68.26754181449763,-118.94111949960876,-5.65,100,82,-5.65,8.41
440,chuy,uy,-51.126630090733755,-36.613419731675776,-1.95,100,81,-1.95,11.66
441,isangel,vu,-18.77066698039914,174.00340275102917,23.95,13,75,23.95,8.72
442,mataura,pf,-87.25889183798368,-156.6446211391943,-43.55,100,99,-43.55,7.74
443,rikitea,pf,-32.94226514646775,-125.80070026296661,15.55,95,86,15.55,7.71
444,umba,ru,66.98635172916062,34.1605656241953,12.05,77,66,12.05,3.75
445,punta arenas,cl,-63.862941209770526,-86.61192986079303,0.75,100,98,0.75,7.5
446,torbay,ca,47.396537228292345,-39.736470109898335,14.75,42,81,14.75,12.62
447,carrick-on-suir,ie,52.29080847166625,-7.491095381726922,20.1,47,70,21.67,3.13
448,albany,au,-49.10108845189088,112.4541939590236,7.25,99,94,7.25,15.59
449,skagastrond,is,65.8198961412694,-20.313356313241968,10.95,72,86,10.95,3.0
450,lucapa,ao,-8.536986017273293,20.544304143280726,23.75,10,37,23.75,1.78
451,caribou,us,46.82834703522312,-68.09538443301008,24.89,75,60,26.11,1.5
452,port alfred,za,-76.75193134722336,43.27804062743226,-57.05,70,100,-57.05,5.08
453,kayes,ml,13.858046421328126,-11.905481114934872,34.85,58,42,34.85,0.33
454,mahebourg,mu,-39.813111892193305,78.4398069349358,12.25,100,84,12.25,17.46
455,cape town,za,-60.87702598214889,-4.420453565224648,-21.65,100,84,-21.65,8.47
456,avarua,ck,-60.07598993193396,-165.1585582218379,1.65,100,94,1.65,4.39
457,hobart,au,-89.70022298755764,132.01790919785907,-50.55,68,84,-50.55,3.67
458,ulladulla,au,-37.677167521420024,153.90184887160763,12.65,19,65,12.65,14.14
459,rorvik,no,66.93335613897568,9.00888240812128,9.25,100,81,9.25,6.73
460,port elizabeth,za,-69.30820519268869,29.34952105997135,-25.85,83,100,-25.85,1.53
461,paita,pe,-6.82573516440354,-84.55649226869124,19.65,72,83,19.65,6.39
462,barawe,so,-0.16936339294886693,44.78032676420898,26.25,52,83,26.25,10.16
463,taolanaro,mg,-72.02730853893294,67.29405496617943,-25.35,100,61,-25.35,11.22
464,te anau,nz,-39.7142955978225,162.90253674583744,12.75,80,68,12.75,11.97
465,arraial do cabo,br,-29.802784124602105,-35.71284861526527,19.55,100,81,19.55,6.66
466,greifswald,de,53.89378137309228,13.326523673905001,22.25,0,52,23.0,3.1
467,castro,cl,-43.5106625955486,-101.4669688992359,7.75,100,70,7.75,6.28
468,mehran,ir,33.1462538243953,46.09866349976653,28.0,0,26,28.0,5.1
469,rikitea,pf,-40.8066362458078,-137.63573855095967,8.95,28,79,8.95,6.95
470,hamilton,bm,28.169808190343318,-66.98343179609066,28.55,12,68,28.55,3.07
471,kuroishi,jp,40.5341198683727,140.88323734021094,17.1,90,100,17.78,1.0
472,palabuhanratu,id,-18.070487632032766,98.8136339449702,23.45,35,72,23.45,9.9
473,arraial do cabo,br,-43.94761300848923,-19.91220284863448,1.85,100,68,1.85,14.05
474,hamilton,bm,30.547155119266492,-68.48950363262341,28.75,28,66,28.75,2.27
475,kapaa,us,28.274240485152944,-158.78850862611463,25.55,39,79,25.55,5.85
476,saryshagan,kz,45.74700282497895,73.02549476976134,27.35,0,22,27.35,4.31
477,port elizabeth,za,-56.39958127876372,27.455829075368854,-0.45,100,90,-0.45,6.47
478,batemans bay,au,-39.64100288949051,153.9587914947943,11.15,0,71,11.15,15.07
479,yatou,cn,35.246536042010106,122.49942049310027,23.15,0,86,23.15,6.4
480,vaini,to,-74.97885796705467,-170.3803935971465,-22.05,77,100,-22.05,1.7
481,dudinka,ru,72.88331340414388,85.97964378924667,2.55,1,78,2.55,5.83
482,teguise,es,30.868852784927583,-13.792304684269482,21.45,80,88,21.45,6.74
483,atuona,pf,-0.9551150899029892,-147.5034645427507,26.65,17,78,26.65,8.0
484,mataura,pf,-64.18655743550815,-141.64371762190737,-13.05,100,97,-13.05,12.27
485,barawe,so,-0.30280581085158076,44.16415362460799,26.25,41,82,26.25,10.85
486,punta arenas,cl,-60.523406729527395,-89.45447184182088,1.95,100,97,1.95,9.26
487,deputatskiy,ru,66.02342329435035,138.88732211508392,14.15,24,54,14.15,1.37
488,shakawe,bw,-16.669478936658976,21.571424859038018,16.05,0,18,16.05,1.98
489,san cristobal,ec,1.3208645500598521,-88.07871789293398,23.45,99,81,23.45,6.6
490,laguna,br,-43.58378596221576,-31.638931072019886,1.95,100,60,1.95,4.62
491,lavrentiya,ru,65.92861349465343,-169.42745418409592,10.0,40,93,10.0,11.3
492,rikitea,pf,-19.631577549554578,-135.52224163576022,24.75,0,79,24.75,6.22
493,hasaki,jp,24.63663065283015,153.46755974996472,28.65,99,81,28.65,6.04
494,kununurra,au,-19.494144783322156,129.73386228614817,12.85,0,46,12.85,7.54
495,bredasdorp,za,-86.7881395530814,17.970545446293073,-51.85,39,70,-51.85,5.46
496,rikitea,pf,-70.67663034437055,-136.09096813930788,-19.45,38,98,-19.45,9.15
497,victoria,sc,-5.973804641140106,53.84136078470962,26.45,100,83,26.45,9.01
498,taolanaro,mg,-82.12650481927656,65.19933228889693,-53.35,98,100,-53.35,4.29
499,albany,au,-80.97359192058727,107.08248317360625,-49.65,100,98,-49.65,6.24
